{
  "Comment": "An example of the Amazon States Language that runs an AWS Batch job and monitors the job until it completes.",
  "StartAt": "Submit Job",
  "States": {
    "Submit Job": {
      "Type": "Task",
      "Resource": "arn:aws:lambda:us-east-1:350853315364:function:StepFunctionsSample-JobStatusPol-SubmitJobFunction-5SF33L1IB899",
      "ResultPath": "$.guid",
      "Next": "Wait X Seconds"
    },
    "Wait X Seconds": {
      "Type": "Wait",
      "SecondsPath": "$.wait_time",
      "Next": "Get Job Status"
    },
    "Get Job Status": {
      "Type": "Task",
      "Resource": "arn:aws:lambda:us-east-1:350853315364:function:StepFunctionsSample-JobStatusPoll-CheckJobFunction-T0UY7CA7K8KX",
      "Next": "Job Complete?",
      "InputPath": "$.guid",
      "ResultPath": "$.status"
    },
    "Job Complete?": {
      "Type": "Choice",
      "Choices": [
        {
          "Variable": "$.status",
          "StringEquals": "FAILED",
          "Next": "Job Failed"
        },
        {
          "Variable": "$.status",
          "StringEquals": "SUCCEEDED",
          "Next": "Get Final Job Status"
        }
      ],
      "Default": "Wait X Seconds"
    },
    "Job Failed": {
      "Type": "Fail",
      "Cause": "AWS Batch Job Failed",
      "Error": "DescribeJob returned FAILED"
    },
    "Get Final Job Status": {
      "Type": "Task",
      "Resource": "arn:aws:lambda:us-east-1:350853315364:function:StepFunctionsSample-JobStatusPoll-CheckJobFunction-T0UY7CA7K8KX",
      "InputPath": "$.guid",
      "End": true
    }
  }
}