{
  "Comment": "State Machine that asynchronously runs another State Machine",
  "StartAt": "Run asynchronous process",
  "States": {
    "Run asynchronous process": {
      "Type": "Parallel",
      "End": true,
      "OutputPath": "$[1]",
      "Branches": [
        {
          "StartAt": "Start asynchronous action",
          "States": {
            "Start asynchronous action": {
              "Type": "Task",
              "Resource": "arn:aws:lambda:us-east-1:350853315364:function:async_invoke",
              "End": true,
              "Retry": [
                {
                  "ErrorEquals": ["MissingScheduledActivityTaskException"],
                  "IntervalSeconds": 3,
                  "MaxAttempts": 3,
                  "BackoffRate": 1.5
                }
              ]
            }
          }
        },
        {
          "StartAt": "Wait for asynchronous action",
          "States": {
            "Wait for asynchronous action": {
              "Type": "Task",
              "InputPath": "$.async_action_arguments",
              "ResultPath": "$.async_result",
              "Resource": "arn:aws:states:us-east-1:350853315364:activity:Start_google",
              "End": true
            }
          }
        }
      ]
    }
  }
}