{
  "Comment": "State Machine that is run asynchronously from another State Machine",
  "StartAt": "Try",
  "States": {
    "Try": {
      "Type": "Parallel",
      "Next": "Send success",
      "InputPath": "$.state",
      "ResultPath": "$.state",
      "Branches": [
        {
          "StartAt": "Start",
          "States": {
            "Start": {
              "Type": "Pass",
              "Next": "Long running operation",
              "Result": {
                "result_data": "data"
              }
            },
            "Long running operation": {
              "Type": "Wait",
              "Seconds": 60,
              "End": true
            }
          }
        }
      ],
      "Catch": [
        {
          "ErrorEquals": ["States.ALL"],
          "ResultPath": "$.error_info",
          "Next": "Send failure"
        }
      ]
    },
    "Send success": {
      "Type": "Task",
      "Resource": "arn:aws:lambda:us-east-1:350853315364:function:sendSuccess",
      "End": true
    },
    "Send failure": {
      "Type": "Task",
      "Resource": "arn:aws:lambda:us-east-1:350853315364:function:sendFailure",
      "Next": "Fail"
    },
    "Fail": {
      "Type": "Fail",
      "Error": "InnerStateMachineFailure",
      "Cause": "Check result of Parallel State"
    }
  }
}